공개,대표,카테고리,제목,클라이언트,연도,링크,썸네일,설명
Y,Y,공기업,신한금융희망재단 유튜브 채널 운영,신한금융희망재단,,,,금융교육 영상 기획부터 편집까지 채널 운영 전반
Y,,공기업,신한이지 금융교육 콘텐츠,신한,,,,강사 촬영 기반 금융교육 시리즈
Y,Y,공기업,IBK 체험관 교육영상,IBK기업은행,,,,체험관 방문객을 위한 금융 교육영상 촬영·제작
Y,,디자인,IBK 로고 인트로,IBK기업은행,,,,마스코트 4종이 등장하는 브랜드 로고 인트로
Y,Y,공기업,공익광고 '미링이' 시리즈,방송통신위원회,,,,전송자격인증제 홍보 공익 애니메이션
Y,,공기업,달려라 신용 레이싱 — 게임 설명 영상,금융감독원,2026,,,금융교육 보드게임 개발과 튜토리얼 영상
Y,,공기업,새만금 숏폼 시리즈,새만금개발공사,,,,마스코트 '새공이' 숏폼 콘텐츠
Y,Y,AI,안녕하세요 편집자 필레몬입니다,필레몬스튜디오,2026,https://www.youtube.com/watch?v=uJZNYPMKVqM,,필레몬 스튜디오 채널 소개 영상
Y,,AI,RAON AI 홍보영상,AADL,,,,AI 생성 기반 홍보영상
Y,Y,AI,허호랑 PV,허호랑,,,,전생에서 환생으로 이어지는 시네마틱 PV
Y,,버츄얼,허호랑 3D 모델 데뷔,허호랑,,,,3D 모델 데뷔 방송 8분 하이라이트
Y,,버츄얼,교환학생 1기생 선발 발표,버츄얼 그룹,,,,87분 합동방송을 예고편 문법으로 재구성
Y,,버츄얼,크레이지아케이드 하이라이트,매히두,,,,롱폼 하이라이트 편집
Y,,버츄얼,광복절 순우리말 포켓몬 이름짓기,주시온,2026,,,광복절 기획 콘텐츠
Y,,버츄얼,충청도식 훈수,주시온,2026,,,21분 게임방송을 1분 숏폼으로 압축
Y,,디자인,아이유 라임 모아듣기,레아,2026,,,라임을 강조한 가사 모션그래픽
Y,,디자인,아이돌 데뷔 3D 모션그래픽,오리엔트,,,,Three.js 성운·시공간 모션그래픽
Y,,디자인,매히두 클레이메이션,매히두,,,,클레이 스타일 애니메이션
Y,,디자인,REA NEWS 오버레이 패키지,레아,2026,,,버츄얼 뉴스 앵커 화면용 자막 그래픽
,,인터랙티브,3D 알까기,자체 제작,,https://gmlaks777-web.github.io/22233/,,브라우저 실시간 대전 3D 웹게임
,,인터랙티브,배우의 힘 — 연기강의,Lead Actors Lab,2026,,,연기 교육 유튜브 시리즈
